42,0,38.24,20.77,38.18,15.34,0.14,200
57,0,40.55,35.62,40.21,22.50,0.15,200
69,0,44.69,36.43,44.69,26.43,0.15,200
81,0,44.69,37.94,42.04,25.72,0.15,200
97,0,44.69,37.94,43.06,30.17,0.15,200
110,0,46.54,39.96,44.33,36.72,0.15,200
123,0,47.30,40.10,44.53,30.71,0.15,200
135,0,47.30,40.10,43.31,35.05,0.15,200
146,0,47.30,41.42,44.39,35.13,0.15,200
158,0,47.30,42.59,43.73,33.50,0.15,200
170,0,49.29,43.14,47.11,36.69,0.15,200
182,0,51.28,43.82,45.73,39.73,0.15,200
195,0,51.28,43.82,49.47,37.80,0.15,200
207,0,59.15,44.46,46.78,34.69,0.15,200
219,0,59.15,44.46,48.99,39.29,0.16,200
231,0,59.15,45.26,47.12,35.35,0.16,200
243,0,59.15,45.65,51.40,42.07,0.16,200
255,0,59.15,46.38,49.04,39.45,0.16,200
267,0,59.15,46.38,47.83,36.24,0.16,200
279,0,59.15,47.74,49.72,37.30,0.16,200
291,0,59.15,47.74,48.98,39.12,0.16,200
303,0,59.15,47.74,50.90,41.82,0.16,200
315,1,59.15,48.87,51.17,42.71,0.16,200
327,1,59.15,48.87,52.16,42.43,0.16,200
339,1,59.15,50.47,52.75,44.65,0.16,200
351,1,59.15,52.28,53.22,45.31,0.16,200
362,1,59.15,52.28,55.38,42.44,0.16,200
374,1,59.39,52.28,56.07,45.72,0.16,200
386,1,59.39,52.28,58.43,44.40,0.16,200
398,1,59.39,52.28,53.38,46.76,0.16,200
410,1,59.39,52.48,53.92,41.97,0.16,200
422,1,59.39,53.59,57.36,48.13,0.16,200
434,1,60.54,55.53,56.37,47.31,0.16,200
446,1,61.44,57.24,58.22,49.49,0.16,200
457,1,64.81,57.43,59.61,50.22,0.16,200
468,1,70.52,66.71,69.73,56.96,0.16,200
479,1,82.60,77.82,81.06,61.22,0.16,200
490,1,92.40,88.60,89.03,69.20,0.16,200
502,1,97.03,91.69,97.03,71.09,0.16,200
513,1,98.91,97.99,91.40,75.61,0.16,200
524,1,106.81,97.99,106.81,77.42,0.16,200
535,1,106.81,97.99,98.74,77.99,0.16,200
546,1,106.81,97.99,103.12,71.31,0.16,200
557,2,106.81,98.17,96.46,72.39,0.16,200
568,2,107.89,102.35,107.64,78.34,0.17,200
578,2,129.73,102.54,112.38,84.20,0.17,200
587,2,129.73,110.28,105.04,77.29,0.17,200
596,2,129.73,110.28,109.50,79.49,0.17,200
606,2,129.73,110.28,117.65,89.43,0.17,200
615,2,129.73,110.28,119.12,78.83,0.17,200
624,2,137.30,110.28,113.26,82.87,0.17,200
633,2,137.30,117.56,119.96,89.54,0.17,200
642,2,140.21,117.56,131.81,93.49,0.17,200
650,2,140.21,117.56,120.69,87.11,0.17,200
658,2,140.21,117.56,127.69,85.97,0.17,200
667,2,140.21,117.56,137.05,87.08,0.17,200
676,2,140.21,121.05,125.42,92.20,0.17,200
684,2,140.21,121.05,121.39,90.26,0.17,200
693,2,140.21,121.05,113.24,95.43,0.17,200
702,2,140.21,125.19,130.69,92.21,0.17,200
711,2,149.11,125.19,149.11,92.32,0.17,200
720,2,149.11,125.19,138.14,93.40,0.17,200
729,2,149.11,127.61,142.52,96.62,0.17,200
738,3,149.11,131.22,136.45,87.74,0.17,200
747,3,149.11,131.22,129.26,94.24,0.17,200
756,3,149.11,131.22,133.10,93.81,0.17,200
765,3,149.11,131.22,115.75,95.46,0.17,200
774,3,162.91,131.22,122.25,93.71,0.17,200
783,3,162.91,131.22,122.78,89.53,0.17,200
793,3,162.91,131.22,136.12,89.77,0.17,200
801,3,162.91,134.37,124.58,80.16,0.17,200
810,3,162.91,134.37,126.62,96.27,0.17,200
819,3,162.91,134.37,138.38,96.37,0.17,200
828,3,162.91,134.37,143.62,81.34,0.17,200
836,3,162.91,134.37,129.81,79.41,0.17,200
844,3,162.91,134.37,130.10,80.62,0.17,200
854,3,162.91,134.37,125.13,85.34,0.17,200
863,3,162.91,134.37,121.54,95.19,0.17,200
871,3,162.91,134.37,127.70,88.12,0.17,200
880,3,162.91,134.37,122.02,85.93,0.17,200
889,3,162.91,134.37,118.83,93.48,0.17,200
897,3,162.91,134.37,109.42,76.08,0.17,200
905,3,162.91,134.37,127.43,88.01,0.17,200
913,3,162.91,134.37,139.95,92.99,0.17,200
921,4,162.91,134.37,140.80,106.76,0.17,200
929,4,162.91,134.37,143.85,98.37,0.17,200
937,4,162.91,134.37,129.90,85.58,0.17,200
946,4,162.91,134.37,127.80,97.55,0.17,200
954,4,162.91,134.37,137.16,97.62,0.17,200
963,4,162.91,134.37,128.32,101.43,0.17,200
972,4,162.91,134.37,137.68,88.29,0.17,200
981,4,162.91,134.37,135.66,94.63,0.17,200
990,4,162.91,134.37,133.79,89.08,0.17,200
999,4,162.91,141.50,139.50,97.46,0.17,200
1008,4,162.91,141.50,133.16,86.38,0.17,200
1016,4,162.91,141.50,135.18,83.30,0.17,200
1025,4,162.91,141.50,132.61,80.77,0.17,200
1033,4,162.91,141.50,122.57,71.77,0.17,200
1042,4,162.91,141.50,120.86,71.53,0.17,200
1051,4,162.91,141.50,120.02,87.96,0.17,200
1060,4,162.91,141.50,121.53,87.44,0.17,200
1069,4,162.91,141.50,129.73,94.06,0.17,200
1078,4,162.91,141.50,121.71,85.60,0.17,200
1087,4,162.91,141.50,131.77,88.88,0.17,200
1096,4,162.91,141.50,141.87,88.85,0.17,200
1105,5,162.91,141.50,136.42,79.75,0.17,200
1113,5,162.91,141.50,128.33,77.17,0.17,200
1121,5,162.91,141.50,128.61,94.37,0.17,200
1129,5,162.91,141.50,120.82,87.37,0.17,200
1137,5,162.91,141.50,124.60,93.12,0.17,200
1146,5,162.91,141.50,132.82,86.31,0.17,200
1154,5,162.91,141.50,132.38,95.01,0.17,200
1163,5,162.91,141.50,118.22,88.04,0.17,200
1172,5,162.91,141.50,120.19,89.29,0.17,200
1181,5,162.91,141.50,123.19,89.05,0.17,200
1189,5,162.91,141.50,127.49,85.88,0.17,200
1197,5,162.91,141.50,135.43,75.42,0.17,200
1205,5,162.91,141.50,145.14,93.55,0.17,200
1214,5,162.91,141.50,138.65,96.59,0.17,200
1222,5,162.91,141.50,128.69,94.03,0.17,200
1230,5,162.91,141.50,121.21,78.76,0.17,200
1238,5,162.91,141.50,137.81,96.11,0.17,200
1246,5,162.91,141.50,127.72,95.45,0.17,200
1254,5,162.91,141.50,136.26,90.57,0.17,200
1263,5,162.91,141.50,135.93,94.67,0.17,200
1271,6,162.91,141.50,132.33,94.36,0.17,200
1279,6,162.91,141.50,128.12,86.00,0.17,200
1287,6,162.91,141.50,130.96,100.27,0.17,200
1295,6,162.91,141.50,138.87,87.58,0.17,200
1303,6,162.91,141.50,127.38,103.89,0.17,200
1311,6,162.91,141.50,131.56,86.01,0.17,200
1319,6,162.91,141.50,141.43,99.12,0.17,200
1327,6,162.91,141.50,136.56,99.10,0.17,200
1335,6,162.91,141.50,150.27,104.49,0.17,200
1343,6,162.91,141.50,134.54,94.87,0.17,200
1351,6,163.24,141.50,152.23,109.27,0.17,200
1358,6,163.24,141.76,140.22,109.38,0.17,200
1365,6,163.24,141.76,143.94,100.72,0.17,200
1373,6,163.24,141.76,144.93,108.20,0.17,200
1381,6,163.24,141.76,126.05,98.52,0.17,200
1389,6,163.24,141.76,135.23,91.19,0.17,200
1397,6,163.24,141.76,135.31,101.02,0.17,200
1405,6,163.24,141.76,132.47,99.22,0.17,200
1413,6,163.24,141.76,136.44,95.67,0.17,200
1421,6,163.24,141.76,143.65,106.54,0.17,200
1429,7,163.24,141.76,143.70,92.03,0.17,200
1437,7,163.24,141.76,134.11,104.84,0.17,200
1445,7,163.24,141.76,139.11,98.95,0.17,200
1453,7,163.24,141.76,139.41,98.26,0.17,200
1461,7,163.24,141.76,140.47,106.91,0.17,200
1469,7,163.24,141.76,146.18,99.23,0.17,200
1477,7,163.24,141.76,149.32,101.72,0.17,200
1485,7,163.24,141.76,146.52,108.06,0.17,200
1493,7,163.24,141.76,143.06,96.19,0.17,200
1501,7,163.24,141.76,149.27,96.03,0.17,200
1509,7,163.24,141.76,132.83,96.75,0.17,200
1517,7,163.24,141.76,138.20,92.69,0.17,200
1525,7,163.24,141.76,134.28,92.29,0.17,200
1533,7,163.24,141.76,142.48,94.17,0.17,200
1541,7,163.24,141.76,134.68,105.63,0.17,200
1549,7,163.24,141.76,148.72,108.66,0.17,200
1557,7,163.24,141.76,145.95,98.76,0.17,200
1565,7,163.24,141.76,136.91,99.22,0.17,200
1573,7,163.24,141.76,137.43,94.55,0.17,200
1580,7,163.24,141.76,139.04,89.46,0.17,200
1589,8,163.24,141.76,141.29,102.63,0.17,200
1597,8,163.24,141.76,146.23,103.02,0.17,200
1605,8,163.24,141.76,150.02,108.49,0.17,200
1613,8,163.24,141.76,141.51,99.83,0.17,200
1621,8,163.24,141.76,150.20,107.55,0.17,200
1629,8,163.24,141.76,140.77,95.65,0.17,200
1637,8,163.24,141.76,149.61,94.56,0.17,200
1645,8,163.24,141.76,150.67,100.62,0.18,200
1653,8,163.24,141.76,140.17,106.84,0.18,200
1662,8,163.24,141.76,137.48,101.77,0.18,200
1670,8,163.24,141.76,139.77,104.99,0.18,200
1679,8,163.24,141.76,138.40,108.72,0.18,200
1688,8,163.24,141.76,130.41,101.50,0.18,200
1696,8,163.24,145.10,144.76,98.48,0.18,200
1705,8,163.24,145.10,146.22,111.20,0.18,200
1713,8,163.63,145.10,148.08,102.80,0.18,200
1722,8,163.63,145.10,146.29,107.93,0.18,200
1731,8,163.63,145.10,137.95,104.72,0.18,200
1739,8,163.63,145.10,138.68,103.46,0.18,200
1748,8,163.63,145.10,141.23,102.65,0.18,200
1756,8,163.63,145.10,162.37,100.33,0.18,200
1765,9,163.63,145.10,150.72,88.94,0.18,200
1773,9,163.63,145.10,147.88,105.45,0.18,200
1782,9,169.22,145.10,140.31,105.05,0.18,200
1790,9,169.22,145.10,141.00,100.58,0.18,200
1798,9,169.22,145.10,147.82,108.97,0.18,200
1806,9,169.22,145.10,147.78,106.82,0.18,200
1815,9,169.22,145.10,149.36,107.09,0.18,200
1823,9,169.22,145.10,144.79,105.91,0.18,200
1831,9,169.22,145.10,150.38,104.44,0.18,200
1839,9,169.22,145.10,136.73,103.53,0.18,200
1848,9,169.22,145.10,156.72,102.00,0.18,200
1857,9,169.22,145.10,132.28,101.67,0.18,200
1865,9,169.22,145.10,150.80,113.72,0.18,200
1873,9,169.22,145.10,151.39,102.41,0.18,200
1881,9,169.22,145.10,150.96,110.27,0.18,200
1890,9,169.22,145.10,152.49,108.34,0.18,200
1898,9,169.22,145.10,142.11,106.81,0.18,200
1907,9,169.22,145.10,141.16,96.86,0.18,200
1915,9,169.22,145.10,146.72,112.73,0.18,200
1923,9,169.22,145.10,137.07,108.43,0.18,200
1931,10,169.22,145.10,145.64,115.77,0.18,200
1939,10,169.22,145.10,167.01,120.53,0.18,200
1947,10,169.22,145.10,143.91,103.14,0.18,200
1956,10,169.22,145.10,128.14,98.15,0.18,200
1965,10,169.22,145.10,130.85,99.93,0.18,200
1973,10,169.22,145.10,132.65,95.51,0.18,200
1981,10,169.22,145.10,137.75,103.65,0.18,200
1989,10,169.22,145.10,137.41,111.53,0.18,200
1997,10,169.22,145.10,169.18,122.49,0.18,200
2005,10,169.22,145.10,153.39,102.84,0.18,200
2013,10,169.74,145.10,153.49,109.21,0.18,200
2021,10,169.74,145.10,147.31,114.44,0.18,200
2029,10,180.39,145.10,151.86,114.52,0.18,200
2037,10,180.39,145.10,170.38,119.78,0.18,200
2045,10,180.39,145.10,151.40,114.14,0.18,200
2053,10,180.39,145.10,159.75,115.91,0.18,200
2062,10,180.39,145.10,160.45,99.67,0.18,200
2071,10,180.39,145.10,144.75,111.96,0.18,200
2079,10,180.39,145.10,144.95,105.06,0.18,200
2087,10,180.39,145.10,146.91,106.70,0.18,200
2095,11,180.39,145.10,143.37,105.47,0.18,200
2103,11,180.39,148.72,154.43,112.16,0.18,200
2111,11,180.39,148.72,157.98,113.74,0.18,200
2119,11,180.39,148.72,152.63,114.67,0.18,200
2127,11,180.39,148.72,146.33,94.72,0.18,200
2136,11,180.39,148.72,150.93,105.52,0.18,200
2145,11,180.39,148.72,150.09,92.20,0.18,200
2153,11,180.39,148.72,147.39,97.16,0.18,200
2161,11,180.39,148.72,139.73,103.53,0.18,200
2170,11,180.39,148.72,146.12,104.04,0.18,200
2179,11,180.39,148.72,154.74,111.82,0.18,200
2187,11,180.39,148.72,144.62,104.22,0.18,200
2195,11,180.39,148.72,151.03,103.76,0.18,200
2203,11,180.39,148.72,150.20,103.07,0.18,200
2212,11,180.39,148.72,134.89,107.17,0.18,200
2221,11,180.39,148.72,144.63,99.79,0.18,200
2230,11,180.39,148.72,135.21,99.68,0.18,200
2238,11,180.39,148.72,153.44,106.86,0.18,200
2246,11,180.39,148.72,149.23,113.26,0.18,200
2254,11,180.39,148.72,149.45,105.56,0.18,200
2263,11,180.39,148.72,139.78,105.25,0.18,200
2272,12,180.39,148.72,141.94,107.18,0.18,400
2279,12,180.39,148.72,156.07,99.95,0.18,400
2286,12,250.36,148.72,250.36,123.70,0.18,400
2293,12,250.36,148.72,165.33,94.39,0.18,400
2300,12,250.36,158.02,202.77,104.67,0.18,400
2308,12,250.36,158.02,151.81,103.45,0.18,400
2316,12,250.36,158.02,194.65,100.82,0.18,400
2323,12,250.36,158.02,172.15,106.44,0.18,400
2330,12,250.36,158.02,164.10,108.31,0.18,400
2336,12,250.36,164.20,189.74,119.14,0.18,400
2343,12,250.36,164.20,210.30,107.55,0.18,400
2349,12,250.36,164.20,185.27,104.26,0.18,400
2355,12,250.36,164.20,214.70,115.66,0.18,400
2362,12,250.36,164.20,183.82,97.56,0.18,400
2368,12,250.36,174.66,207.28,102.31,0.18,400
2374,12,250.36,174.66,203.71,105.08,0.18,400
2380,12,250.36,174.66,220.39,112.01,0.18,400
2386,12,250.36,177.50,214.59,109.09,0.18,400
2392,12,250.36,177.50,217.03,114.06,0.18,400
2398,13,250.36,177.50,233.62,114.15,0.18,400
2404,13,250.36,188.45,232.55,137.00,0.18,400
2409,13,250.36,188.45,213.42,113.26,0.18,400
2414,13,250.36,199.07,216.94,123.90,0.18,400
2419,13,250.36,199.07,197.13,122.87,0.18,400
2424,13,250.36,199.07,212.62,130.79,0.18,400
2428,13,250.36,199.07,244.12,146.22,0.18,400
2433,13,250.36,199.07,213.33,128.47,0.18,400
2438,13,250.36,199.07,217.92,141.33,0.18,400
2443,13,250.36,199.07,227.53,131.98,0.18,400
2448,13,250.36,199.07,212.47,124.19,0.18,400
2453,13,250.36,217.01,221.78,133.02,0.18,400
2457,13,250.36,217.01,222.98,144.31,0.18,400
2461,13,250.36,219.77,234.25,165.63,0.18,400
2465,13,250.36,240.02,239.62,151.14,0.18,400
2469,13,250.36,242.15,232.68,159.12,0.18,400
2473,13,250.36,242.15,228.68,147.31,0.18,400
2477,13,250.36,242.15,227.65,175.54,0.18,400
2481,13,250.36,242.15,239.98,167.31,0.18,400
2485,14,250.36,242.15,241.14,163.82,0.18,400
2489,14,252.80,242.15,247.91,173.20,0.18,400
2493,14,260.15,242.15,260.15,184.03,0.18,400
2497,14,260.15,242.15,249.66,176.05,0.18,400
2502,14,264.61,252.98,264.61,158.99,0.18,400
2506,14,266.22,252.98,252.81,176.69,0.18,400
2510,14,274.98,252.98,274.74,192.76,0.18,400
2515,14,274.98,252.98,246.92,159.23,0.18,400
2519,14,274.98,252.98,259.98,199.36,0.18,400
2523,14,274.98,252.98,252.94,184.55,0.18,400
2527,14,274.98,252.98,260.05,175.09,0.18,400
2531,14,274.98,252.98,266.76,180.48,0.18,400
2535,14,276.94,262.00,260.06,208.01,0.18,400
2539,14,276.94,262.00,263.12,188.31,0.18,400
2543,14,276.94,263.42,265.65,193.10,0.18,400
2547,14,293.51,263.42,263.75,213.38,0.18,400
2551,14,293.51,263.42,266.72,203.99,0.18,400
2555,14,293.51,263.42,269.29,216.87,0.18,400
2559,14,293.51,263.42,286.39,212.38,0.18,400
2563,15,293.51,263.42,278.99,189.96,0.18,400
2567,15,293.51,271.89,278.59,201.45,0.18,400
2571,15,293.51,271.89,285.35,210.46,0.18,400
2575,15,293.51,277.87,288.91,222.14,0.18,400
2579,15,293.51,277.87,282.20,186.51,0.18,400
2583,15,293.51,277.87,277.31,196.13,0.18,400
2587,15,293.51,278.99,283.35,211.20,0.18,400
2591,15,293.51,278.99,273.73,204.73,0.18,400
2595,15,293.51,280.31,281.68,224.11,0.18,400
2599,15,293.51,280.31,277.81,187.55,0.18,400
2603,15,293.51,280.31,279.82,207.59,0.18,400
2608,15,293.51,280.31,288.69,189.85,0.18,400
2613,15,297.44,280.31,272.56,186.51,0.18,400
2617,15,297.44,280.31,277.72,187.49,0.18,400
2621,15,297.44,280.31,270.44,192.96,0.18,400
2625,15,297.44,280.31,293.73,169.61,0.18,400
2630,15,300.91,280.31,278.71,174.30,0.18,400
2634,15,300.91,280.31,283.00,202.35,0.18,400
2638,16,300.91,280.31,290.32,218.77,0.18,400
2642,16,300.91,280.31,279.24,205.95,0.18,400
2646,16,302.89,280.31,284.80,195.36,0.18,400
2650,16,302.89,280.31,286.15,204.71,0.18,400
2654,16,302.89,280.31,290.87,196.52,0.18,400
2659,16,302.89,280.31,286.65,194.85,0.18,400
2663,16,302.89,280.31,282.52,206.69,0.18,400
2667,16,302.89,280.31,272.01,174.00,0.18,400
2671,16,302.89,280.31,285.59,227.51,0.18,400
2675,16,302.89,280.31,301.09,194.90,0.18,400
2680,16,313.42,280.31,298.78,180.24,0.18,400
2685,16,314.88,307.19,297.62,202.37,0.18,400
2689,16,314.88,307.19,301.09,191.19,0.18,400
2693,16,314.88,307.19,301.71,223.73,0.18,400
2697,16,314.88,307.19,304.57,205.77,0.18,400
2701,16,314.88,307.19,301.94,209.44,0.18,400
2706,16,314.88,307.19,290.52,186.43,0.18,400
2710,16,314.88,307.19,298.90,189.90,0.18,400
2714,16,314.88,307.19,293.42,215.68,0.18,400
2718,17,314.88,307.19,283.52,199.26,0.18,400
2722,17,314.88,307.19,290.46,228.75,0.18,400
2726,17,314.88,307.19,287.48,238.48,0.18,400
2730,17,314.88,307.19,292.72,215.44,0.18,400
2734,17,324.23,307.19,308.04,256.96,0.18,400
2738,17,324.23,307.19,316.73,199.96,0.18,400
2742,17,324.23,307.19,302.37,207.54,0.18,400
2746,17,324.23,307.19,295.43,229.76,0.18,400
2750,17,324.23,307.19,296.74,189.84,0.18,400
2754,17,326.52,307.19,309.53,201.81,0.18,400
2758,17,350.49,307.19,310.43,200.72,0.17,400
2762,17,350.49,307.19,294.03,196.13,0.17,400
2766,17,350.49,307.19,299.01,222.35,0.17,400
2770,17,350.49,307.19,313.92,235.97,0.17,400
2774,17,350.49,307.19,303.48,232.02,0.17,400
2778,17,350.49,307.19,319.94,240.41,0.17,400
2782,17,350.49,307.19,309.51,225.09,0.18,400
2786,17,350.49,307.19,326.58,254.38,0.18,400
2790,17,350.49,310.78,319.03,217.97,0.18,400
2794,18,367.38,310.78,367.38,228.16,0.18,400
2798,18,367.38,310.78,322.88,196.03,0.18,400
2802,18,367.38,310.78,333.16,236.90,0.18,400
2806,18,367.38,310.95,328.06,215.79,0.18,400
2810,18,367.38,310.95,326.00,210.28,0.18,400
2814,18,367.38,314.31,323.17,225.39,0.18,400
2819,18,367.38,314.31,322.23,184.73,0.18,400
2824,18,367.38,322.34,344.59,218.90,0.18,400
2828,18,367.38,322.34,328.22,233.50,0.18,400
2832,18,367.38,323.55,331.75,234.31,0.17,400
2836,18,367.38,324.67,334.87,240.79,0.17,400
2840,18,367.38,324.67,342.20,233.04,0.17,400
2845,18,367.38,337.17,339.67,215.86,0.17,400
2849,18,367.38,337.17,350.19,234.80,0.17,400
2853,18,367.38,337.17,349.84,267.14,0.17,400
2857,18,367.38,337.17,343.11,232.81,0.17,400
2861,18,367.38,337.17,338.01,234.48,0.17,400
2865,18,367.38,346.77,365.64,242.02,0.17,400
2869,18,367.38,346.77,345.54,223.41,0.17,400
2873,19,367.38,346.77,340.94,224.61,0.17,400
2877,19,367.38,346.77,337.20,197.55,0.17,400
2882,19,367.38,346.77,340.81,239.06,0.17,400
2886,19,367.38,358.07,344.51,219.78,0.17,400
2890,19,367.38,358.07,333.06,181.55,0.17,400
2894,19,367.38,358.07,336.02,232.81,0.17,400
2898,19,367.38,358.07,330.95,223.51,0.17,400
2902,19,367.38,358.07,340.66,209.93,0.17,400
2906,19,367.38,358.07,351.00,257.68,0.17,400
2910,19,367.38,358.07,341.08,244.38,0.17,400
2914,19,367.38,358.07,355.89,213.75,0.17,400
2918,19,367.38,358.07,351.81,238.50,0.17,400
2922,19,367.38,358.07,357.03,220.00,0.17,400
2926,19,367.38,358.07,346.34,243.25,0.17,400
2930,19,367.38,358.07,344.85,212.27,0.17,400
2934,19,367.38,358.07,343.16,217.01,0.17,400
2938,19,367.38,358.07,345.71,225.04,0.17,400
2943,19,367.38,358.07,341.89,238.36,0.17,400
2947,19,367.38,358.07,330.54,212.23,0.17,400
2951,20,367.38,358.07,338.68,222.82,0.17,400
2955,20,367.38,358.07,334.55,226.47,0.17,400
2959,20,367.38,358.07,319.97,213.09,0.17,400
2963,20,367.38,358.07,335.43,190.26,0.17,400
2968,20,367.38,358.07,334.67,243.77,0.17,400
2973,20,367.38,358.07,331.43,233.97,0.17,400
2977,20,367.38,358.07,349.98,250.29,0.17,400
2981,20,367.38,358.07,350.54,218.56,0.17,400
2986,20,367.38,358.07,343.02,242.33,0.17,400
2990,20,367.38,358.07,350.56,261.77,0.17,400
2994,20,367.38,358.07,331.51,236.26,0.17,400
2998,20,370.54,358.07,347.31,201.29,0.17,400
3002,20,370.54,358.07,361.68,229.67,0.17,400
3006,20,370.54,358.07,341.97,225.48,0.17,400
3010,20,372.79,358.07,351.41,213.35,0.17,400
3014,20,372.79,358.07,343.65,224.80,0.17,400
3018,20,372.79,358.07,341.85,226.42,0.17,400
3022,20,372.79,358.07,360.61,260.54,0.17,400
3026,20,372.79,358.07,344.97,245.75,0.18,400
3030,21,372.79,358.07,349.68,215.29,0.18,400
3035,21,372.79,358.07,339.46,220.58,0.18,400
3039,21,372.79,358.07,353.44,252.59,0.18,400
3044,21,372.79,358.07,339.36,192.42,0.18,400
3049,21,372.79,358.07,335.88,223.46,0.18,400
3054,21,372.79,358.07,328.22,215.03,0.18,400
3058,21,372.79,358.07,330.84,237.25,0.18,400
3063,21,372.79,358.07,342.78,204.11,0.18,400
3068,21,372.79,358.07,341.16,183.18,0.18,400
3073,21,372.79,358.07,334.97,184.21,0.18,400
3077,21,372.79,358.07,357.60,210.59,0.18,400
3082,21,372.79,358.07,358.29,189.08,0.18,400
3087,21,372.79,358.07,325.81,193.34,0.18,400
3091,21,372.79,358.07,339.95,222.48,0.18,400
3096,21,372.79,358.07,335.14,240.74,0.18,400
3100,21,372.79,358.07,360.32,242.37,0.18,400
3104,21,372.79,358.07,361.02,224.90,0.18,400
3108,21,372.79,367.09,328.75,220.66,0.18,400
3112,22,372.79,367.09,351.75,239.28,0.18,400
3116,22,372.79,367.09,349.25,258.65,0.18,400
3121,22,372.94,367.09,350.28,220.34,0.18,400
3126,22,372.94,367.09,353.06,211.80,0.18,400
3130,22,378.01,367.09,377.49,202.49,0.18,400
3134,22,378.01,367.09,334.82,218.69,0.18,400
3139,22,378.01,367.09,347.89,214.15,0.18,400
3144,22,378.01,367.09,336.04,221.99,0.18,400
3148,22,378.01,367.09,325.30,227.45,0.18,400
3152,22,378.01,367.09,321.52,204.34,0.18,400
3156,22,378.01,367.09,313.58,219.58,0.18,400
3160,22,378.01,367.09,311.14,225.67,0.18,400
3165,22,378.01,367.09,321.09,210.93,0.18,400
3170,22,378.01,367.09,320.77,233.89,0.18,400
3174,22,378.01,367.09,317.06,243.64,0.18,400
3178,22,378.01,367.09,318.18,231.73,0.18,400
3182,22,378.01,367.09,358.62,224.25,0.18,400
3186,22,378.01,367.09,340.25,227.01,0.18,400
3190,22,386.42,367.09,361.40,264.32,0.18,400
3194,23,386.42,367.09,326.63,216.78,0.18,400
3198,23,386.42,367.09,359.53,225.32,0.18,400
3202,23,386.42,367.09,330.35,245.92,0.18,400
3206,23,386.42,367.09,325.41,240.82,0.18,400
3210,23,386.42,367.09,340.72,244.45,0.18,400
3214,23,386.42,367.09,355.28,213.48,0.18,400
3218,23,386.42,367.09,356.00,255.88,0.18,400
3222,23,386.42,367.09,344.67,284.45,0.18,400
3226,23,386.42,367.09,364.69,248.21,0.18,400
3230,23,386.42,367.09,356.40,250.96,0.18,400
3234,23,386.42,367.09,371.01,276.04,0.18,400
3238,23,411.39,367.09,353.41,244.40,0.18,400
3242,23,411.39,367.09,341.71,230.47,0.18,400
3246,23,411.39,367.09,363.99,255.11,0.18,400
3250,23,411.39,367.09,360.89,260.04,0.18,400
3254,23,411.39,367.09,359.49,248.14,0.18,400
3258,23,411.39,367.09,342.50,251.18,0.18,400
3262,23,411.39,367.09,358.69,254.08,0.18,400
3265,24,467.61,367.09,467.61,353.52,0.18,600
3268,24,559.21,367.09,494.60,368.95,0.18,600
3271,24,559.21,378.34,487.16,373.78,0.18,600
3274,24,559.21,479.25,494.34,362.75,0.18,600
3277,24,559.21,481.20,490.50,381.34,0.18,600
3280,24,559.21,481.20,502.19,327.35,0.18,600
3283,24,559.21,488.53,501.71,297.54,0.18,600
3286,24,559.21,488.53,519.42,335.98,0.18,600
3289,24,581.14,488.53,581.14,351.31,0.18,600
3292,24,581.14,488.53,577.31,335.64,0.18,600
3295,24,656.30,501.43,535.91,335.55,0.18,600
3298,24,656.30,501.43,647.42,364.68,0.18,600
3301,24,656.30,501.43,507.72,396.88,0.18,600
3304,24,656.30,501.43,547.16,362.89,0.18,600
3307,24,656.30,508.46,500.49,335.42,0.18,600
3310,24,656.30,508.46,512.47,337.08,0.18,600
3313,24,656.30,544.50,608.88,397.92,0.18,600
3316,25,656.30,544.50,571.55,418.02,0.18,600
3319,25,656.30,546.50,642.76,396.96,0.18,600
3322,25,656.30,546.50,608.91,397.71,0.18,600
3325,25,656.30,546.50,598.67,411.52,0.18,600
3328,25,656.30,593.41,559.95,344.29,0.18,600
3331,25,656.30,593.41,604.97,415.02,0.18,600
3334,25,656.30,593.41,533.94,362.45,0.18,600
3337,25,656.30,593.41,538.42,356.16,0.18,600
3340,25,656.30,593.41,564.45,427.47,0.18,600
3343,25,656.30,593.41,595.97,424.21,0.18,600
3346,25,656.30,593.41,566.16,392.68,0.18,600
3349,25,656.30,593.41,594.42,449.68,0.18,600
3352,25,656.30,593.41,591.72,381.82,0.18,600
3355,25,656.30,593.41,594.00,361.44,0.18,600
3358,25,656.30,596.83,581.35,442.45,0.18,600
3361,25,656.30,596.83,593.24,437.66,0.18,600
3364,25,656.30,596.83,584.37,413.20,0.18,600
3367,26,656.30,596.83,568.03,388.06,0.18,600
3370,26,656.30,596.83,596.62,446.81,0.18,600
3373,26,656.30,596.83,622.07,455.63,0.18,600
3376,26,656.30,596.83,645.59,451.83,0.18,600
3379,26,656.30,596.83,595.81,401.71,0.18,600
3382,26,656.30,596.83,604.18,402.13,0.18,600
3385,26,656.30,596.83,577.48,420.03,0.18,600
3388,26,656.30,596.83,575.86,436.06,0.18,600
3391,26,656.30,596.83,644.55,430.22,0.18,600
3394,26,656.30,596.83,603.66,428.74,0.18,600
3397,26,656.30,596.83,578.36,418.08,0.18,600
3400,26,656.30,596.83,605.50,420.46,0.18,600
3403,26,662.50,596.83,601.37,437.13,0.18,600
3406,26,662.50,596.83,653.52,404.39,0.18,600
3409,26,662.50,620.30,635.13,385.58,0.18,600
3412,26,662.50,620.30,637.76,375.95,0.18,600
3415,27,662.50,620.30,620.84,432.44,0.18,600
3418,27,662.50,620.30,621.36,465.13,0.18,600
3421,27,662.50,620.30,630.93,499.41,0.18,600
3424,27,662.50,620.30,607.53,449.44,0.18,600
3427,27,662.50,620.30,606.94,463.61,0.18,600
3430,27,662.50,620.30,597.36,392.03,0.18,600
3433,27,662.50,620.30,617.49,443.20,0.18,600
3436,27,662.50,620.30,612.20,402.09,0.18,600
3439,27,662.50,620.30,632.98,433.11,0.18,600
3442,27,662.50,620.30,642.99,444.11,0.18,600
3445,27,662.50,620.30,661.47,400.37,0.18,600
3448,27,668.16,620.30,629.97,465.00,0.18,600
3451,27,672.64,620.30,641.71,388.62,0.18,600
3454,27,672.64,620.30,636.61,431.83,0.18,600
3457,27,672.64,620.30,623.96,328.93,0.18,600
3460,27,672.64,620.30,622.35,380.59,0.18,600
3463,27,672.64,620.30,623.67,406.69,0.18,600
3466,27,672.64,620.30,616.58,487.30,0.18,600
3469,28,672.64,620.30,614.65,494.85,0.18,600
3473,28,672.64,620.30,638.08,422.52,0.18,600
3476,28,672.64,620.30,609.08,453.93,0.18,600
3479,28,672.64,620.30,612.03,400.72,0.18,600
3482,28,672.64,620.30,610.23,326.31,0.18,600
3485,28,672.64,620.30,642.03,462.92,0.18,600
3488,28,672.64,620.30,666.39,480.14,0.18,600
3491,28,672.64,649.10,633.50,389.50,0.18,600
3494,28,672.64,651.52,670.43,465.13,0.18,600
3497,28,672.64,651.52,644.13,466.41,0.18,600
3500,28,672.64,651.52,655.75,466.10,0.18,600
3503,28,693.52,651.52,655.52,413.67,0.18,600
3506,28,705.65,651.52,705.65,439.16,0.18,600
3509,28,710.08,651.52,696.32,491.77,0.18,600
3512,28,710.08,651.52,696.05,447.61,0.18,600
3515,28,741.83,667.17,727.69,520.99,0.18,600
3518,28,741.83,682.84,702.28,502.17,0.18,600
3521,29,741.83,682.84,707.83,485.32,0.18,600
3524,29,741.83,708.27,716.01,477.24,0.18,600
3527,29,741.83,708.27,741.27,535.11,0.18,600
3530,29,741.83,708.27,722.82,559.48,0.18,600
3533,29,741.83,733.53,719.66,533.79,0.18,600
3536,29,741.83,733.53,733.28,539.05,0.18,600
3539,29,757.02,733.53,757.02,542.46,0.18,600
3542,29,757.02,733.53,736.11,524.41,0.18,600
3545,29,757.02,733.53,748.20,572.29,0.18,600
3548,29,757.02,733.53,756.29,637.12,0.18,600
3551,29,757.02,733.78,741.21,631.98,0.18,600
3554,29,757.02,733.78,746.16,540.44,0.18,600
3557,29,757.02,742.42,740.64,559.53,0.18,600
3560,29,759.23,742.42,749.12,628.15,0.18,600
3563,29,761.55,742.42,761.55,636.49,0.18,600
3566,30,761.83,742.42,741.27,534.23,0.18,600
3569,30,761.93,742.42,741.85,519.75,0.18,600
3572,30,761.93,742.42,747.38,433.54,0.18,600
3575,30,761.93,742.42,736.55,513.28,0.18,600
3578,30,761.93,742.42,740.80,558.89,0.18,600
3581,30,761.93,742.42,751.27,548.02,0.18,600
3584,30,774.74,749.26,774.74,564.99,0.18,600
3587,30,774.74,749.26,745.74,599.05,0.18,600
3590,30,774.74,749.26,756.39,637.21,0.18,600
3593,30,774.74,755.30,759.21,610.41,0.18,600
3596,30,774.74,755.30,759.21,659.74,0.18,600
3599,30,786.34,766.06,786.34,658.59,0.18,600
3602,30,793.02,773.53,793.02,616.67,0.18,600
3605,30,802.53,789.14,785.67,610.57,0.18,600
3608,30,802.53,789.14,781.70,556.42,0.18,600
3611,30,814.49,789.14,814.49,562.98,0.18,600
3614,31,839.30,789.14,803.21,552.15,0.18,600
3617,31,839.30,789.14,826.83,605.58,0.18,600
3620,31,839.30,789.14,781.74,599.90,0.18,600
3623,31,839.30,793.71,807.18,596.45,0.18,600
3626,31,839.30,793.71,768.21,591.29,0.18,600
3629,31,839.30,793.71,789.19,561.65,0.18,600
3632,31,839.30,793.71,819.79,577.95,0.18,600
3635,31,839.30,793.71,823.97,522.21,0.18,600
3638,31,839.30,793.71,772.26,596.64,0.18,600
3641,31,839.30,793.71,804.35,640.76,0.18,600
3644,31,839.30,795.55,782.28,611.10,0.18,600
3647,31,839.30,795.55,793.06,626.95,0.18,600
3650,31,839.30,795.55,813.95,680.97,0.18,600
3653,31,845.01,795.55,797.21,616.23,0.18,600
3656,31,845.01,795.55,828.81,596.05,0.18,600
3659,31,845.01,795.55,823.55,603.69,0.18,600
3662,32,845.01,795.55,825.15,497.15,0.18,600
3665,32,845.01,795.55,818.76,502.88,0.18,600
3668,32,845.01,806.63,817.91,629.54,0.18,600
3671,32,856.14,806.63,856.14,609.21,0.18,600
3674,32,856.14,826.28,851.44,563.13,0.18,600
3677,32,856.14,827.23,853.54,597.87,0.18,600
3680,32,878.26,827.23,873.42,595.70,0.18,600
3683,32,896.76,827.23,896.76,556.07,0.18,600
3686,32,896.76,827.23,868.50,611.49,0.18,600
3689,32,896.76,827.23,888.50,641.94,0.18,600
3692,32,896.76,827.23,876.76,524.55,0.18,600
3695,32,914.08,869.47,914.08,605.86,0.18,600
3698,32,914.08,869.47,846.78,561.56,0.18,600
3701,32,914.08,869.47,878.92,613.78,0.18,600
3704,32,914.08,872.35,876.21,549.82,0.18,600
3707,32,914.08,872.35,860.01,682.50,0.18,600
3710,33,914.08,872.35,882.86,636.31,0.18,600
3713,33,914.08,872.35,879.60,569.20,0.18,600
3716,33,914.08,872.35,866.83,580.09,0.18,600
3719,33,914.08,872.35,867.61,489.49,0.18,600
3722,33,914.08,872.35,893.64,603.10,0.18,600
3725,33,914.08,872.35,875.91,577.53,0.18,600
3728,33,914.08,872.35,868.05,689.03,0.18,600
3731,33,915.11,872.35,886.88,602.61,0.18,600
3734,33,915.11,872.62,877.48,718.57,0.18,600
3737,33,915.11,873.31,900.86,633.98,0.18,600
3740,33,915.11,873.31,908.19,606.54,0.18,600
3743,33,915.11,892.09,908.92,624.61,0.18,600
3746,33,921.48,892.09,884.40,716.26,0.18,600
3749,33,921.48,892.09,910.57,709.13,0.18,600
3752,33,921.48,892.09,888.02,707.74,0.18,600
3755,33,921.48,892.09,916.20,668.92,0.18,600
3758,34,921.48,892.09,884.04,593.75,0.18,600
3761,34,921.48,892.09,893.00,622.30,0.18,600
3764,34,921.48,892.09,890.41,657.63,0.18,600
3767,34,921.48,892.09,857.72,713.87,0.18,600
3770,34,921.48,901.99,879.30,719.61,0.18,600
3773,34,921.48,901.99,918.47,622.11,0.18,600
3776,34,921.78,901.99,893.03,592.57,0.18,600
3779,34,921.78,901.99,906.15,661.12,0.18,600
3782,34,921.78,901.99,891.63,757.96,0.18,600
3785,34,921.78,901.99,891.24,638.92,0.18,600
3788,34,921.78,901.99,919.42,684.29,0.17,600
3791,34,940.31,901.99,940.31,696.65,0.17,600
3794,34,940.31,901.99,919.34,762.47,0.17,600
3797,34,940.31,901.99,907.02,657.91,0.17,600
3800,34,940.31,901.99,906.14,731.93,0.17,600
3803,34,940.31,901.99,906.02,676.68,0.17,600
3806,35,940.31,901.99,880.17,682.47,0.17,600
3809,35,940.31,901.99,885.85,765.48,0.17,600
3812,35,940.31,901.99,885.36,744.84,0.17,600
3815,35,940.31,901.99,912.67,751.33,0.17,600
3818,35,940.31,901.99,911.03,692.14,0.17,600
3821,35,940.31,914.81,924.69,688.24,0.17,600
3824,35,944.90,914.81,921.93,779.20,0.17,600
3827,35,944.90,914.81,931.40,749.15,0.17,600
3830,35,944.90,914.81,919.25,741.98,0.17,600
3833,35,944.90,914.81,920.23,733.58,0.17,600
3836,35,944.90,914.81,925.03,754.29,0.17,600
3839,35,944.90,914.81,916.53,708.89,0.17,600
3842,35,944.90,914.81,903.63,738.96,0.17,600
3845,35,944.90,914.81,939.01,751.49,0.17,600
3848,35,944.90,914.81,913.74,688.10,0.17,600
3850,36,1243.85,1255.89,1243.85,957.49,0.17,800
3852,36,1281.40,1255.89,1281.40,971.09,0.17,800
3854,36,1281.40,1255.89,1245.39,956.41,0.17,800
3856,36,1281.40,1255.89,1268.62,941.82,0.17,800
3858,36,1281.40,1255.89,1257.50,975.08,0.17,800
3860,36,1281.40,1255.89,1252.17,917.59,0.17,800
3862,36,1281.40,1255.89,1244.39,853.49,0.17,800
3864,36,1281.40,1255.89,1252.63,1054.43,0.17,800
3866,36,1281.40,1255.89,1214.78,906.63,0.17,800
3868,36,1281.40,1255.89,1239.80,973.77,0.17,800
3870,36,1281.40,1255.89,1223.22,960.89,0.17,800
3872,36,1281.40,1255.89,1252.90,765.50,0.17,800
3874,36,1281.40,1255.89,1258.94,779.90,0.17,800
3876,36,1281.40,1255.89,1241.01,886.91,0.17,800
3878,36,1281.40,1255.89,1229.63,934.35,0.17,800
3880,36,1281.40,1255.89,1275.04,808.57,0.17,800
3882,36,1281.40,1255.89,1204.73,763.85,0.17,800
3884,36,1281.40,1255.89,1239.52,892.65,0.17,800
3886,37,1281.40,1255.89,1199.74,834.67,0.17,800
3888,37,1281.40,1255.89,1210.90,915.21,0.17,800
3890,37,1281.40,1255.89,1200.78,905.63,0.17,800
3893,37,1281.40,1255.89,1151.80,732.77,0.17,800
3895,37,1281.40,1255.89,1164.54,777.89,0.17,800
3897,37,1281.40,1255.89,1174.95,859.18,0.17,800
3899,37,1281.40,1255.89,1153.81,835.29,0.17,800
3901,37,1281.40,1255.89,1151.78,900.56,0.17,800
3903,37,1281.40,1255.89,1168.32,808.48,0.17,800
3905,37,1281.40,1255.89,1146.73,893.25,0.17,800
3907,37,1281.40,1255.89,1138.42,802.27,0.17,800
3909,37,1281.40,1255.89,1171.35,881.61,0.17,800
3911,37,1281.40,1255.89,1142.00,877.82,0.17,800
3913,37,1281.40,1255.89,1156.05,926.48,0.17,800
3915,37,1281.40,1255.89,1168.79,860.61,0.17,800
3917,37,1281.40,1255.89,1192.03,825.71,0.17,800
3919,37,1281.40,1255.89,1211.32,859.12,0.17,800
3921,38,1281.40,1255.89,1200.24,879.04,0.17,800
3923,38,1281.40,1255.89,1193.18,913.65,0.17,800
3925,38,1281.40,1255.89,1203.06,991.64,0.17,800
3927,38,1281.40,1255.89,1190.58,857.13,0.17,800
3929,38,1281.40,1255.89,1212.56,919.93,0.17,800
3931,38,1281.40,1255.89,1218.69,962.29,0.17,800
3933,38,1281.40,1255.89,1219.35,986.17,0.17,800
3935,38,1281.40,1255.89,1215.39,968.19,0.17,800
3937,38,1281.40,1255.89,1223.81,900.01,0.17,800
3939,38,1281.40,1255.89,1216.50,862.64,0.17,800
3941,38,1281.40,1255.89,1230.74,902.71,0.17,800
3943,38,1281.40,1255.89,1234.88,876.26,0.17,800
3945,38,1281.40,1255.89,1240.14,842.90,0.17,800
3947,38,1281.40,1255.89,1232.33,948.04,0.17,800
3949,38,1281.40,1255.89,1256.08,825.48,0.17,800
3951,38,1281.40,1255.89,1220.36,871.24,0.17,800
3954,38,1281.40,1255.89,1211.28,859.66,0.17,800
3956,39,1281.40,1255.89,1233.00,751.20,0.17,800
3958,39,1281.40,1255.89,1262.83,927.16,0.17,800
3961,39,1281.40,1255.89,1227.86,853.88,0.17,800
3963,39,1281.40,1255.89,1232.20,957.30,0.17,800
3965,39,1281.40,1255.89,1198.79,933.57,0.17,800
3967,39,1281.40,1255.89,1208.76,966.34,0.17,800
3969,39,1281.40,1255.89,1191.49,966.23,0.17,800
3971,39,1281.40,1255.89,1205.05,876.61,0.17,800
3973,39,1281.40,1255.89,1222.16,932.12,0.17,800
3975,39,1281.40,1255.89,1254.14,847.39,0.17,800
3977,39,1281.40,1255.89,1226.04,983.20,0.17,800
3979,39,1281.40,1255.89,1219.81,862.34,0.17,800
3981,39,1281.40,1255.89,1262.04,941.33,0.17,800
3983,39,1281.40,1255.89,1270.24,850.41,0.17,800
3985,39,1281.40,1255.89,1198.49,828.60,0.17,800
3988,39,1281.40,1255.89,1225.77,953.16,0.17,800
3990,39,1281.40,1255.89,1214.56,887.80,0.17,800
3992,40,1281.40,1255.89,1216.89,882.74,0.17,800
3994,40,1281.40,1255.89,1222.04,881.91,0.17,800
3997,40,1281.40,1255.89,1247.11,765.21,0.17,800
4000,40,1281.40,1255.89,1241.53,841.92,0.17,800
4003,40,1281.40,1255.89,1230.23,996.51,0.17,800
4005,40,1281.40,1255.89,1277.62,807.98,0.17,800
4007,40,1293.08,1255.89,1249.29,993.60,0.17,800
4009,40,1293.08,1255.89,1255.46,961.56,0.17,800
4011,40,1293.08,1255.89,1233.73,836.31,0.17,800
4013,40,1293.08,1255.89,1237.23,918.88,0.17,800
4015,40,1293.08,1260.73,1263.55,886.44,0.17,800
4017,40,1293.08,1260.73,1261.68,868.04,0.17,800
4019,40,1293.08,1260.73,1280.34,859.44,0.17,800
4021,40,1293.08,1260.73,1271.57,838.12,0.17,800
4023,40,1293.34,1260.73,1281.47,929.46,0.17,800
4025,40,1293.34,1260.73,1254.95,951.21,0.17,800
4027,40,1293.34,1260.73,1225.67,918.82,0.17,800
4029,40,1293.34,1260.73,1283.42,1030.10,0.17,800
4031,41,1293.34,1260.73,1271.62,968.80,0.17,800
4033,41,1295.04,1260.73,1253.12,894.77,0.17,800
4035,41,1295.04,1279.92,1289.07,969.95,0.17,800
4037,41,1307.89,1279.92,1264.27,891.35,0.17,800
4039,41,1314.66,1287.35,1305.71,971.72,0.17,800
4041,41,1362.32,1287.35,1362.32,872.20,0.17,800
4043,41,1362.32,1287.35,1307.92,972.82,0.17,800
4045,41,1362.32,1287.35,1305.94,898.26,0.17,800
4047,41,1362.32,1287.35,1283.18,941.68,0.17,800
4049,41,1362.32,1287.35,1272.11,899.57,0.17,800
4051,41,1362.32,1302.33,1268.58,1034.80,0.17,800
4053,41,1362.32,1302.33,1310.32,995.25,0.17,800
4055,41,1362.32,1302.33,1268.47,1015.49,0.17,800
4057,41,1362.32,1302.33,1287.11,897.11,0.17,800
4059,41,1362.32,1302.33,1319.95,1073.05,0.17,800
4061,41,1362.32,1302.33,1274.05,1054.05,0.17,800
4063,41,1362.32,1306.74,1320.19,999.76,0.17,800
4065,42,1362.32,1306.74,1299.13,962.06,0.17,800
4067,42,1362.32,1306.74,1298.89,938.17,0.17,800
4069,42,1362.32,1306.74,1259.17,873.03,0.17,800
4071,42,1362.32,1306.74,1290.53,993.47,0.17,800
4073,42,1362.32,1306.74,1292.77,943.29,0.17,800
4075,42,1362.32,1306.74,1289.43,993.20,0.17,800
4077,42,1362.32,1306.74,1297.78,954.65,0.17,800
4079,42,1362.32,1306.74,1287.87,1056.94,0.17,800
4081,42,1362.32,1306.74,1265.97,947.51,0.17,800
4083,42,1362.32,1321.68,1285.49,1041.50,0.17,800
4085,42,1362.32,1321.68,1258.47,910.46,0.17,800
4087,42,1362.32,1321.68,1296.26,983.36,0.17,800
4089,42,1362.32,1321.68,1311.37,999.85,0.17,800
4091,42,1362.32,1321.68,1306.25,972.60,0.17,800
4093,42,1362.32,1321.68,1294.31,870.43,0.17,800
4095,42,1362.32,1321.68,1293.45,1043.58,0.17,800
4097,42,1362.32,1321.68,1264.09,931.71,0.17,800
4099,43,1362.32,1321.68,1274.77,991.24,0.17,800
4101,43,1362.32,1321.68,1274.13,1054.45,0.17,800
4103,43,1362.32,1321.68,1292.91,1018.45,0.17,800
4105,43,1362.32,1321.68,1298.16,964.27,0.17,800
4107,43,1362.32,1321.68,1279.23,874.14,0.17,800
4109,43,1362.32,1321.68,1306.26,960.78,0.17,800
4111,43,1362.32,1321.68,1316.56,882.77,0.17,800
4113,43,1362.32,1321.68,1295.79,976.45,0.17,800
4115,43,1362.32,1321.68,1292.53,973.46,0.17,800
4117,43,1362.32,1321.68,1294.62,994.74,0.17,800
4119,43,1362.32,1321.68,1303.92,1087.29,0.17,800
4121,43,1362.32,1321.68,1273.08,1021.78,0.17,800
4123,43,1362.32,1321.68,1269.69,1000.38,0.17,800
4125,43,1362.32,1321.68,1253.76,976.33,0.17,800
4127,43,1362.32,1321.68,1233.96,875.03,0.17,800
4129,43,1362.32,1321.68,1256.31,1087.76,0.17,800
4131,43,1362.32,1321.68,1245.80,904.89,0.17,800
4133,44,1362.32,1321.68,1272.73,1110.39,0.17,800
4135,44,1362.32,1321.68,1257.62,949.92,0.17,800
4137,44,1362.32,1321.68,1302.28,1077.09,0.17,800
4139,44,1362.32,1321.68,1275.07,990.51,0.17,800
4141,44,1362.32,1321.68,1261.67,895.56,0.17,800
4143,44,1362.32,1321.68,1292.42,843.84,0.17,800
4145,44,1362.32,1321.68,1261.90,981.50,0.17,800
4147,44,1362.32,1321.68,1274.69,1101.72,0.17,800
4149,44,1362.32,1321.68,1255.46,932.26,0.17,800
4151,44,1362.32,1321.68,1300.93,1048.87,0.17,800
4153,44,1362.32,1321.68,1302.51,1166.61,0.17,800
4155,44,1362.32,1321.68,1313.49,1066.36,0.17,800
4158,44,1362.32,1321.68,1296.20,808.21,0.17,800
4161,44,1362.32,1321.68,1297.77,687.83,0.17,800
4164,44,1362.32,1321.68,1316.15,859.66,0.17,800
4166,44,1362.32,1321.68,1267.57,849.00,0.17,800
4168,44,1362.32,1321.68,1301.76,971.68,0.17,800
4170,45,1362.32,1321.68,1278.86,1079.65,0.17,800
4172,45,1362.32,1321.68,1270.40,1050.89,0.17,800
4174,45,1362.32,1321.68,1281.01,1047.58,0.17,800
4176,45,1362.32,1321.68,1268.16,961.20,0.17,800
4178,45,1362.32,1321.68,1290.11,977.59,0.17,800
4180,45,1362.32,1321.68,1279.77,917.37,0.17,800
4182,45,1362.32,1321.68,1279.25,1021.87,0.17,800
4184,45,1362.32,1321.68,1287.98,1162.85,0.17,800
4186,45,1362.32,1321.68,1304.92,853.62,0.17,800
4188,45,1362.32,1321.68,1264.58,1011.65,0.17,800
4190,45,1362.32,1321.68,1285.97,846.11,0.17,800
4192,45,1362.32,1321.68,1306.08,880.71,0.17,800
4194,45,1362.32,1321.68,1303.58,1014.36,0.17,800
4196,45,1362.32,1321.68,1292.75,1015.28,0.17,800
4198,45,1362.32,1321.68,1335.87,979.36,0.17,800
4200,45,1362.32,1321.68,1291.20,957.22,0.17,800
4202,45,1362.32,1321.68,1317.63,1006.46,0.17,800
4204,45,1362.32,1321.68,1349.43,885.26,0.17,800
4206,46,1362.32,1321.68,1331.56,1079.11,0.17,800
4208,46,1362.32,1321.68,1326.38,904.78,0.17,800
4210,46,1362.32,1321.68,1313.88,872.51,0.17,800
4212,46,1362.32,1321.68,1314.32,832.85,0.17,800
4214,46,1362.32,1321.68,1320.37,935.21,0.17,800
4216,46,1362.32,1337.40,1322.46,893.57,0.17,800
4218,46,1362.32,1337.40,1318.81,890.96,0.17,800
4220,46,1362.32,1348.79,1352.44,1016.44,0.17,800
4222,46,1362.32,1348.79,1293.67,939.19,0.17,800
4224,46,1362.32,1348.79,1284.41,874.87,0.17,800
4226,46,1362.32,1348.79,1295.94,1079.32,0.17,800
4228,46,1362.32,1348.79,1305.81,1014.22,0.17,800
4230,46,1362.32,1348.79,1287.67,859.67,0.17,800
4232,46,1362.32,1348.79,1298.07,862.47,0.17,800
4234,46,1362.32,1348.79,1284.43,897.39,0.17,800
4236,46,1362.32,1348.79,1265.88,917.99,0.17,800
4238,46,1362.32,1348.79,1285.56,961.39,0.17,800
4240,46,1362.32,1348.79,1286.07,947.81,0.17,800
4242,46,1362.32,1348.79,1269.85,1020.65,0.17,800
4244,47,1362.32,1348.79,1325.14,1011.03,0.17,800
4246,47,1362.32,1348.79,1315.62,776.20,0.17,800
4248,47,1362.32,1348.79,1303.08,1066.34,0.17,800
4251,47,1362.32,1348.79,1289.14,931.80,0.17,800
4254,47,1362.32,1348.79,1321.56,915.54,0.17,800
4256,47,1362.32,1348.79,1334.35,933.56,0.17,800
4258,47,1362.32,1348.79,1309.95,952.15,0.17,800
4260,47,1362.32,1348.79,1331.53,991.47,0.17,800
4263,47,1362.32,1348.79,1342.70,979.61,0.17,800
4266,47,1362.32,1348.79,1327.18,855.00,0.17,800
4269,47,1390.40,1348.79,1390.40,768.62,0.17,800
4271,47,1390.40,1348.79,1363.37,931.84,0.17,800
4274,47,1390.40,1348.79,1343.12,923.26,0.17,800
4276,47,1390.40,1348.79,1351.26,982.87,0.17,800
4278,47,1390.40,1348.79,1328.71,1067.12,0.17,800
4280,47,1390.40,1348.79,1343.49,1054.72,0.17,800
4282,48,1390.40,1348.79,1350.51,1047.12,0.17,800
4284,48,1718.10,1446.43,1682.84,1182.97,0.17,1000
4286,48,1718.10,1649.97,1684.64,947.78,0.17,1000
4288,48,1718.10,1651.20,1715.52,1207.42,0.17,1000
4290,48,1718.10,1651.20,1697.78,1046.31,0.17,1000
4292,48,1718.10,1651.20,1684.48,1230.00,0.17,1000
4294,48,1718.10,1651.20,1705.88,1137.07,0.17,1000
4296,48,1718.10,1651.20,1684.29,968.97,0.17,1000
4298,48,1742.97,1714.04,1742.97,1242.80,0.17,1000
4300,48,1742.97,1714.04,1695.19,1186.69,0.17,1000
4302,48,1742.97,1714.04,1662.52,1178.07,0.17,1000
4304,48,1742.97,1714.04,1673.56,1278.14,0.17,1000
4306,48,1742.97,1714.04,1708.18,1088.37,0.17,1000
4308,48,1742.97,1714.04,1659.67,1050.13,0.17,1000
4310,48,1742.97,1714.04,1699.85,1107.08,0.17,1000
4312,48,1742.97,1714.04,1676.28,1147.26,0.17,1000
4314,49,1742.97,1714.04,1596.83,1221.33,0.17,1000
4316,49,1742.97,1714.04,1651.04,1077.45,0.17,1000
4318,49,1742.97,1714.04,1623.71,1072.58,0.17,1000
4320,49,1742.97,1714.04,1630.26,1024.99,0.17,1000
4322,49,1742.97,1714.04,1636.62,1116.77,0.17,1000
4324,49,1742.97,1714.04,1687.70,1179.50,0.17,1000
4326,49,1742.97,1714.04,1645.74,967.77,0.17,1000
4328,49,1742.97,1714.04,1650.21,966.95,0.17,1000
4330,49,1742.97,1714.04,1644.57,1143.08,0.17,1000
4332,49,1742.97,1714.04,1639.27,1049.34,0.17,1000
4334,49,1742.97,1714.04,1672.36,1101.28,0.17,1000
4336,49,1742.97,1714.04,1612.36,1041.47,0.17,1000
4338,49,1742.97,1714.04,1676.52,1101.86,0.17,1000
4340,49,1742.97,1714.04,1705.51,1152.92,0.18,1000
4342,49,1742.97,1714.04,1666.60,894.12,0.18,1000
4344,49,1742.97,1714.04,1664.61,1250.56,0.18,1000
4346,50,1742.97,1714.04,1706.16,1057.14,0.18,1000
4348,50,1742.97,1714.04,1657.71,858.99,0.18,1000
4350,50,1742.97,1714.04,1687.00,999.47,0.18,1000
4352,50,1742.97,1714.04,1695.63,990.51,0.18,1000
4354,50,1763.45,1721.92,1705.45,868.57,0.18,1000
4356,50,1763.45,1721.92,1706.81,884.97,0.18,1000
4358,50,1763.45,1721.92,1673.51,1046.26,0.18,1000
4361,50,1763.45,1721.92,1622.77,967.86,0.18,1000
4363,50,1763.45,1721.92,1651.87,994.83,0.18,1000
4365,50,1763.45,1721.92,1630.84,1001.51,0.18,1000
4367,50,1763.45,1721.92,1639.20,978.73,0.18,1000
4369,50,1763.45,1721.92,1608.13,966.58,0.18,1000
4371,50,1763.45,1721.92,1614.13,1004.66,0.18,1000
4373,50,1763.45,1721.92,1691.94,946.80,0.18,1000
4375,50,1763.45,1721.92,1651.35,941.21,0.18,1000
4377,50,1763.45,1721.92,1636.40,946.84,0.18,1000
4379,50,1763.45,1721.92,1607.00,833.77,0.18,1000
4381,51,1763.45,1721.92,1603.05,963.71,0.18,1000
4383,51,1763.45,1721.92,1613.40,939.57,0.18,1000
4385,51,1763.45,1721.92,1618.04,999.60,0.18,1000
4387,51,1763.45,1721.92,1627.92,1070.03,0.18,1000
4389,51,1763.45,1721.92,1627.66,1172.87,0.18,1000
4391,51,1763.45,1721.92,1632.42,1076.44,0.18,1000
4393,51,1763.45,1721.92,1632.41,1073.01,0.18,1000
4395,51,1763.45,1721.92,1637.39,1205.39,0.18,1000
4397,51,1763.45,1721.92,1647.55,1077.76,0.18,1000
4399,51,1763.45,1721.92,1618.21,1100.88,0.18,1000
4401,51,1763.45,1721.92,1657.57,964.10,0.18,1000
4403,51,1763.45,1721.92,1626.86,972.35,0.18,1000
4405,51,1763.45,1721.92,1633.05,1052.79,0.18,1000
4407,51,1763.45,1721.92,1593.13,1068.81,0.18,1000
4409,51,1763.45,1721.92,1591.02,1161.84,0.18,1000
4411,51,1763.45,1721.92,1607.91,1160.59,0.18,1000
4413,52,1763.45,1721.92,1604.50,1144.54,0.18,1000
4415,52,1763.45,1721.92,1653.20,984.62,0.18,1000
4417,52,1763.45,1721.92,1580.66,1112.46,0.18,1000
4419,52,1763.45,1721.92,1615.61,1175.63,0.18,1000
4421,52,1763.45,1721.92,1646.79,1114.65,0.18,1000
4423,52,1763.45,1721.92,1598.99,1205.17,0.18,1000
4425,52,1763.45,1721.92,1633.02,1025.87,0.17,1000
4427,52,1763.45,1721.92,1611.70,1243.82,0.17,1000
4429,52,1763.45,1721.92,1648.06,1126.27,0.17,1000
4431,52,1763.45,1721.92,1575.52,1063.43,0.17,1000
4433,52,1763.45,1721.92,1645.13,1091.21,0.17,1000
4435,52,1763.45,1721.92,1603.72,901.77,0.17,1000
4437,52,1763.45,1721.92,1586.42,1101.51,0.17,1000
4439,52,1763.45,1721.92,1635.03,1093.39,0.17,1000
4441,52,1763.45,1721.92,1635.46,1161.62,0.17,1000
4443,52,1763.45,1721.92,1622.02,1082.28,0.17,1000
4445,53,1763.45,1721.92,1614.43,872.82,0.17,1000
4447,53,1763.45,1721.92,1651.88,1038.76,0.17,1000
4449,53,1763.45,1721.92,1662.45,1111.56,0.17,1000
4451,53,1763.45,1721.92,1570.39,1097.25,0.17,1000
4453,53,1763.45,1721.92,1618.57,1157.61,0.17,1000
4455,53,1763.45,1721.92,1600.39,1072.80,0.17,1000
4457,53,1763.45,1721.92,1643.47,1106.51,0.17,1000
4459,53,1763.45,1721.92,1607.73,1104.15,0.17,1000
4461,53,1763.45,1721.92,1635.92,1055.64,0.17,1000
4463,53,1763.45,1721.92,1635.38,849.33,0.17,1000
4465,53,1763.45,1721.92,1642.00,896.99,0.17,1000
4467,53,1763.45,1721.92,1650.80,857.20,0.17,1000
4469,53,1763.45,1721.92,1684.10,1187.13,0.17,1000
4471,53,1763.45,1721.92,1699.98,1058.62,0.17,1000
4473,53,1763.45,1721.92,1656.49,1152.01,0.17,1000
4475,53,1763.45,1721.92,1668.55,993.72,0.17,1000
4477,53,1763.45,1721.92,1655.40,845.27,0.17,1000
4480,54,1763.45,1721.92,1680.28,1063.95,0.17,1000
4482,54,1763.45,1721.92,1705.44,1067.77,0.17,1000
4484,54,1763.45,1721.92,1671.18,1043.43,0.17,1000
4486,54,1763.45,1721.92,1705.66,1328.04,0.17,1000
4488,54,1763.45,1721.92,1670.76,1199.37,0.17,1000
4490,54,1763.45,1721.92,1639.73,1163.52,0.17,1000
4492,54,1763.45,1721.92,1614.18,1032.11,0.17,1000
4494,54,1763.45,1721.92,1615.26,1202.64,0.17,1000
4496,54,1763.45,1721.92,1640.01,1120.41,0.17,1000
4498,54,1763.45,1721.92,1577.38,1091.41,0.17,1000
4500,54,1763.45,1721.92,1605.69,1167.33,0.17,1000
4502,54,1763.45,1721.92,1639.29,1059.96,0.17,1000
4504,54,1763.45,1721.92,1657.74,1113.71,0.17,1000
4506,54,1763.45,1721.92,1633.97,1195.51,0.17,1000
4508,54,1763.45,1721.92,1657.62,1217.16,0.17,1000
4510,55,1763.45,1721.92,1621.61,1241.93,0.17,1000
4512,55,1763.45,1721.92,1682.23,1192.34,0.17,1000
4514,55,1763.45,1721.92,1655.55,1136.71,0.17,1000
4516,55,1763.45,1721.92,1687.81,1135.45,0.17,1000
4518,55,1763.45,1721.92,1671.91,1223.30,0.17,1000
4520,55,1763.45,1721.92,1630.49,1348.00,0.17,1000
4522,55,1763.45,1721.92,1634.24,1211.87,0.17,1000
4524,55,1763.45,1721.92,1691.63,1244.83,0.17,1000
4526,55,1763.45,1721.92,1691.01,1256.56,0.17,1000
4528,55,1763.45,1721.92,1657.75,1215.24,0.17,1000
4530,55,1763.45,1721.92,1673.81,1258.76,0.17,1000
4532,55,1763.45,1721.92,1661.40,1331.53,0.17,1000
4534,55,1763.45,1721.92,1727.49,1280.45,0.17,1000
4536,55,1763.45,1721.92,1624.29,1179.79,0.17,1000
4538,55,1763.45,1721.92,1670.98,1089.14,0.17,1000
4540,55,1763.45,1721.92,1643.41,1165.32,0.17,1000
4542,56,1763.45,1721.92,1684.85,1041.40,0.17,1000
4544,56,1763.45,1721.92,1687.39,1210.07,0.17,1000
4546,56,1763.45,1721.92,1658.58,1216.08,0.17,1000
4548,56,1763.45,1721.92,1616.68,1094.21,0.17,1000
4550,56,1763.45,1721.92,1656.79,1204.30,0.17,1000
4552,56,1763.45,1721.92,1680.21,1166.00,0.17,1000
4554,56,1763.45,1721.92,1676.28,1053.14,0.17,1000
4556,56,1763.45,1721.92,1689.45,1031.48,0.17,1000
4558,56,1763.45,1721.92,1698.01,837.65,0.17,1000
4560,56,1763.45,1721.92,1705.94,1020.99,0.17,1000
4562,56,1763.45,1721.92,1669.87,1269.02,0.17,1000
4564,56,1763.45,1721.92,1633.84,1046.55,0.17,1000
4566,56,1763.45,1721.92,1654.90,1168.30,0.17,1000
4568,56,1763.45,1721.92,1652.08,1243.65,0.17,1000
4570,56,1763.45,1721.92,1637.12,1251.77,0.17,1000
4572,56,1763.45,1721.92,1623.66,1372.55,0.17,1000
4574,57,1763.45,1721.92,1657.43,1319.92,0.17,1000
4576,57,1763.45,1721.92,1633.76,1046.76,0.17,1000
4578,57,1763.45,1721.92,1637.72,1255.14,0.17,1000
4580,57,1763.45,1721.92,1649.88,1229.03,0.17,1000
4582,57,1763.45,1721.92,1652.41,1118.51,0.17,1000
4584,57,1763.45,1721.92,1670.81,1036.49,0.17,1000
4586,57,1763.45,1721.92,1663.60,1193.55,0.17,1000
4588,57,1763.45,1721.92,1645.46,1038.84,0.17,1000
4590,57,1763.45,1721.92,1600.40,1043.37,0.17,1000
4592,57,1763.45,1721.92,1663.94,1102.63,0.17,1000
4594,57,1763.45,1721.92,1639.83,1085.94,0.17,1000
4596,57,1763.45,1721.92,1640.85,1234.98,0.17,1000
4598,57,1763.45,1721.92,1607.24,887.07,0.17,1000
4600,57,1763.45,1721.92,1597.85,1165.83,0.17,1000
4602,57,1763.45,1721.92,1634.84,1025.11,0.17,1000
4604,58,1763.45,1721.92,1615.94,1098.01,0.17,1000
4606,58,1763.45,1721.92,1617.09,1225.63,0.17,1000
4608,58,1763.45,1721.92,1680.47,1125.38,0.17,1000
4610,58,1763.45,1721.92,1665.09,1314.03,0.17,1000
4612,58,1763.45,1721.92,1677.22,1038.68,0.17,1000
4614,58,1763.45,1721.92,1625.93,1022.76,0.17,1000
4616,58,1763.45,1721.92,1649.26,962.49,0.17,1000
4618,58,1763.45,1721.92,1640.29,1028.57,0.17,1000
4620,58,1763.45,1721.92,1576.42,1235.62,0.17,1000
4622,58,1763.45,1721.92,1583.46,1119.81,0.17,1000
4624,58,1763.45,1721.92,1597.31,949.85,0.17,1000
4626,58,1763.45,1721.92,1633.30,1017.27,0.17,1000
4628,58,1763.45,1721.92,1636.07,946.50,0.17,1000
4630,58,1763.45,1721.92,1590.86,796.50,0.17,1000
4632,58,1763.45,1721.92,1664.86,821.16,0.17,1000
4634,58,1763.45,1721.92,1655.00,995.96,0.17,1000
4636,58,1763.45,1721.92,1673.61,1029.71,0.17,1000
4638,59,1763.45,1721.92,1612.66,1106.27,0.17,1000
4640,59,1763.45,1721.92,1618.56,999.69,0.17,1000
4642,59,1763.45,1721.92,1653.39,1204.35,0.17,1000
4644,59,1763.45,1721.92,1667.11,1034.34,0.17,1000
4646,59,1763.45,1721.92,1650.31,1103.63,0.17,1000
4648,59,1763.45,1721.92,1640.88,1255.01,0.17,1000
4650,59,1763.45,1721.92,1616.25,1137.36,0.17,1000
4653,59,1763.45,1721.92,1624.42,1051.86,0.17,1000
4655,59,1763.45,1721.92,1617.62,1040.96,0.17,1000
4657,59,1763.45,1721.92,1615.90,1053.26,0.17,1000
4659,59,1763.45,1721.92,1559.93,852.66,0.17,1000
4661,59,1763.45,1721.92,1588.96,840.70,0.17,1000
4663,59,1763.45,1721.92,1600.23,1300.16,0.17,1000
4666,59,1763.45,1721.92,1557.13,938.37,0.17,1000
4669,59,1763.45,1721.92,1585.90,1014.47,0.17,1000
4671,60,1763.45,1721.92,1547.41,961.04,0.17,1000
4671,60,1763.45,1721.92,1547.41,961.04,0.17,1000
